Variable,Coeficiente,AbsCoeficiente
s1,-44.14464184430631,44.14464184430631
s5,33.37981898539186,33.37981898539186
bmi,25.076968656360567,25.076968656360567
s2,24.513852770457486,24.513852770457486
bp,18.24929273274145,18.24929273274145
s4,13.006756113410555,13.006756113410555
sex,-11.514482084156057,11.514482084156057
s3,5.497593274406621,5.497593274406621
age,2.215077463540284,2.215077463540284
s6,1.2479725027258564,1.2479725027258564
